,id,is_match,product_name_scraped,manufacturer,size,fat_level,breed,temperature,quality,type_blend,flavor,includes_soy,is_antibiotic_free,is_grass_fed,is_kosher,is_halal,is_child_nutrition,is_low_sodium,shape,thickness,is_gluten_free,opl,Primary_Beef_URL,Secondary_Beef_URLs,Confidence_Score_Beef,Confidence_Explanation_Beef
0,MIT-2367704,False,,,,,,,,,,,,,,,,,,,,,https://archives.alaska.gov/documents/indexes/corporations-index.xlsx,[],0.2,Both URLs returned structured data but none matched the product. Minimal information available suggesting low confidence in data accuracy.
1,MIT-1298967,True,Beef Ground Burger Patty Chuck Brisket 1/10 Lb,Burger Maker Inc,1/10 lb,,,,,Brisket/Chuck Blend,,,,,,,,,,,,,https://www.reddit.com/r/meat/comments/vyytzy/grinding_the_best_burger_meat/,"['https://perthbbqschool.com/how-to-the-perfect-burger-patty/', 'https://martinsfoods.com/groceries/meat/ground-meats-burgers/burgers-patties/schweid-sons-signature-ground-beef-chuck-brisket-burgers-4-ct-fresh-212-oz-pkg.html', 'https://www.reddit.com/r/grilling/comments/x1thnx/my_burgers_keep_falling_apart/', 'https://andrewzimmern.com/recipes/kitchen-experiments-grind-your-own-burger-blend/']",0.9,"The selected information is primarily sourced from entries where 'is_match' is true, providing accurate and more trustworthy data for fields like manufacturer, size, and type_blend."
2,MIT-1239808,True,Beef Ground Burger Patty Chopped 2:1 40/8 Oz 1/20 Lb,Rochester Meats,,,,,,,,,,,,,,,,,,,https://www.famousdaveschicago.com/menus/menu.html,['https://www.reddit.com/r/smoking/comments/1160zca/famous_daves_brisket_i_knew_it_would_be_bad_but/'],0.9,Based on two matching sources with high confidence prioritizing the first URL for primary source selection.
3,MIT-1634878,True,Beef Patty Ground Natural 80/20 Frozen 40/4 Oz,WW Johnson Meats,,Medium,,Frozen,,,,,,,,,,,,,,,https://www.foodservicedirect.com/big-city-ground-beef-patty-8-ounce-18-per-case-21296140.html,"['https://www.reddit.com/r/aldi/comments/zbrccw/why_is_aldi_ground_beef_so_bad/', 'https://www.reddit.com/r/grilling/comments/101jvf0/how_do_we_feel_about_frozen_patties_not_my/']",5.0,"The structured data is primarily derived from sources marked as 'is_match = True'. Data from the URL with complete product name scraped is used, and values with the highest occurrence (like fat level 'Medium') are selected for consistency."
4,MIT-USA-1392858,True,Beef Ground Patty Homestyle FC,Good Source Inc,Approximately 40 lbs,,,,,,,,,,,,,,,,,,https://www.tysonfoodservice.com/products/tyson-red-label/chicken/filets--patties/00023700025708,['https://www.banquet.com/links-and-patties/brown-n-serve-original-sausage-links'],0.9,"Two sources confirmed product existence, most details agreed between the trustworthy sources."
5,MIT-1108060,True,Beef Ground Burger Patty Angus Flavorburst 40/4 Oz,J & B Group,,,Angus,,,,,,,,,,,,,,,,https://locations.johnnyrockets.com/ll/US/TN/Gatlinburg/735-Parkway-%232,[],0.8,Primary URL selected based on 'is_match': True with most populated fields.
6,MIT-1433158,True,Beef Ground Burger Patty 80/20 2:1 Oval 32/8 Oz 1/16 Lb,Wolverine Packing Co,1/16 Lb,Medium,,,,,,False,,,,,,,Oval/Hoagie,,,,https://ssburgers.com/,"['https://www.reddit.com/r/chicagofood/comments/1hbjen7/the_burgers_at_portillos_has_been_my_goto_lately/', 'https://www.tripadvisor.com/Restaurant_Review-g33608-d9604064-Reviews-Brues_Alehouse_Brewing_Co-Pueblo_Colorado.html', 'https://www.reddit.com/r/food/comments/aevtid/homemade_cheeseburger_sliders/']",0.9,Primary URL selected based on most populated and valid data including fat level and soy inclusion fields.
7,MIT-USA-1355790,False,,,,,,,,,,,,,,,,,,,,,,['https://www.reddit.com/r/FoodTheorists/comments/17zilz1/did_the_math_on_the_arbys_good_burger_so_you_dont/'],0.0,This entry is marked as inactive and does not have matching data for the beef product. No trustworthy data is extracted from this URL.
8,MIT-USA-1269185,True,Beef Ground Burger Patty Natural,Sysco Buckhead Beef/Newport Meat Co,,,,,,,,,,,,,,,,,,,https://issuu.com/syscoct/docs/cab_book_4_25_final,"['https://www.sysco.com/Products/Products/Specialty-Meat-and-Seafood/Specialty-Meat.html', 'https://www.yumpu.com/en/document/view/51555609/hallsmith-sysco-food-services-in-stock-alphabetical-product-list']",0.85,"The product name and manufacturer are consistently mentioned across multiple sources with matching status, providing high confidence in these fields."
9,MIT-1080205,True,Beef Ground Burger Patty Angus Steak 80/20 Fresh 24/8 Oz,WW Johnson Meats,,,Angus,Fresh,,,,,,,,,,,,,,,https://dailydosegrill.com/dinner/,"['https://snakeriverfarms.com/', 'https://www.sysco.com/Sysco/Products/Products/Sysco-Brand-Family/Fire-River-Farms']",0.85,Primary sources were consistent with breed and temperature. Manufacturer information was corroborated across multiple trustworthy sources.
10,MIT-USA-1315346,True,Beef Ground Patty 2:1 75% Kobe,North American Bison Cooperation,1/12 Lb,,Kobe,,,,,,,,,,,,,,,,https://butchershoppedirect.com/collections/beef,"['https://redtopfarms.com/', 'https://chopbox.com/products/kobe-burger-8oz-2-per-pack', 'https://www.facebook.com/groups/highproteinsimplerecipes/posts/557057823869312/', 'https://www.kansascitysteaks.com/product/wagyu-kobe-beef-steakburgers']",0.95,Primary URL selected based on 'is_match' being True and providing non-null values for key fields such as breed and manufacturer.
11,MIT-USA-1118466,True,Black Angus Beef Butcher Burgers,Rastelli Foods Group,5.3 oz,,Angus,Frozen,,,Cheese,False,True,,,,,,,1/2 inch  Thick,,,https://rastellis.com/products/beef-butcher-burgers,['https://martinsfoods.com/groceries/meat/beef/ground-beef-burgers/rastellis-butcher-bacon-cheddar-angus-beef-burger-4-ct-13-lb-pkg.html'],95.0,The product data was primarily sourced from a URL marked with 'is_match' indicating accuracy. The populated fields come from primary URLs.
12,MIT-1317146,True,Beef Patty Flame Broiled 135/2.4 Oz 1/20.25 Lb,AdvancePierre,,Medium,,Frozen,,Steakburger,Teriyaki,True,,,,,True,False,Oval/Hoagie,,False,,https://www.food-safety.com/articles/739-advancepierre-foods-inc-recalls-frozen-beef-patties-due-to-possible-foreign-matter-contamination,"['https://www.amazon.com/Advance-Pierre-Flamebroiled-Jumbo-Cheeseburger/dp/B087SS43TY', 'https://www.webstaurantstore.com/advancepierre-fully-cooked-pub-burger-patty-4-oz-case/871TYS15240.html', 'https://www.tysonfoodservice.com/products/pierre/beef/filets--patties/00071421038279']",8.5,The output prioritizes fields from URLs where is_match is true and combines the most complete and consistent data points. Main source selected provides detailed and matching product info.
13,MIT-USA-1305082,True,Beef Ground Burger Patty Mesquite Bulk,Integrated Foods,2.6 Oz,,,,,,Mesquite,,,,,,,,,,,Bulk,https://www.reddit.com/r/BBQ/comments/vujrsj/what_grocery_store_bought_bbq_sauce_is_your/,"['https://www.meatchurch.com/blogs/recipes/weekday-brisket', 'https://www.samsclub.com/b/meat-poultry-seafood/1545']",0.85,High confidence with collected product attributes from multiple sources with consistent and reliable matches.
14,MIT-2411143,True,Beef Ground Patty Blend Chuck Brisket Ribeye IQF 60/5.33 Oz 1/20 Lb,Cargill Meat Solutions,20 Lb,,,,,,,,,,,,,,,,,,https://issuu.com/syscocanadamarketing/docs/fy25_game_time_catalogue,['https://issuu.com/syscocanadamarketing/docs/burger_workshop_1_compressed_1_'],95.0,The product data is consistent across multiple sources with 'is_match' indicating relevance. The primary URL is selected based on completeness of the product name match.
15,MIT-1037716,True,Beef Ground Burger Patty W/Seasoning 6 Oz 1/15 Lb,Cargill Meat Solutions,15 lbs,,,,,,Seasoned,False,,,,,,,,,,,https://willinghams.com/shop/wham-seasoning-original-mild/,"['https://www.allrecipes.com/recipe/230620/mayo-chicken/', 'https://www.reddit.com/r/TopSecretRecipes/comments/16z45la/anyone_know_what_the_canadian_aw_spice_mix_is/', 'https://www.facebook.com/TipsyBartender/posts/cheeseburger-pie-1-lb-ground-beef1-large-onion1-cup-shredded-cheese12-cup-bisqui/311484300343649/', 'https://www.reddit.com/r/glutenfree/comments/g266v6/fast_food_canada/']",100.0,"The primary URL provided the most populated data, including size information."
16,MIT-2249402,True,Beef Patty Ground 75/25 6 Oz Round 18/5/6 Oz,National Deli,,,,,,,,,,,,,,,Round,,,,https://www.premiummeatcompany.com/products,"['https://luckysupermarkets.com/categories/Mobile%2FP%2BC%2FProduct%2Fprepared_marinated_beef', 'https://www.coloradopremium.com/']",90.0,"The primary URL is chosen based on match status and consistency across multiple sources in the data, with a primary match confirming manufacturer and shape details."
17,MIT-1652160,True,Beef Patty Rnd 80/20 1/12 Lb,Sysco Buckhead Beef/Newport Meat Co,,,,,,,,,,,,,,,,,,,https://www.sgcfoodservice.com/products-search/WOLVERINE/1/,"['https://www.doughhook.com/product/chb-sirloin-steak/436', 'https://www.doughhook.com/product/round-steaks/439']",90.0,"The source from sgcfoodservice.com matches the beef product, providing a scraped product name and manufacturer's information."
18,MIT-2179514,True,Beef Patty Ground Wagyu Chuck24/7 Oz,Jensen Meat Company,10 lb,,Wagyu,,,,,,,,,,,,,,,,https://www.instacart.com/products/51265510-jensen-ground-beef-patty-31-wagyu-blend-iqf-10lb,"['https://www.facebook.com/@JensenMeat/', 'https://www.jensenmeat.com/', 'https://retail-merchandiser.com/news/jensen-meat-company-inc/', 'https://www.instacart.com/products/45535110-jensen-meat-company-ground-beef-patty-3-1-wagyu-blend-10-lb']",0.85,"Selected the most populated product data with consistent manufacturer and breed information across URLs, prioritizing larger size information from a trustworthy source."
19,MIT-1028084,True,Beef Ground Burger Patty Choice 5.3 Oz 1/12 Lb,WW Johnson Meats,5.3 Oz 1/12 Lb,Medium,,,Choice,,Seasoned,,,,,,,,,,,,https://www.siamimperial.com/menu.html,"['https://www.imospizza.com/menu/', 'https://www.reddit.com/r/AskSF/comments/1341txx/best_burger_in_san_francisco/', 'https://www.sysco.com/Sysco/Products/Products/Sysco-Brand-Family/Fire-River-Farms', 'https://www.reddit.com/r/GrimSoulSurvival/comments/16tmjxy/stuck_on_act_one_because_i_cant_make_roasted_meat/']",0.95,"The information was highly consistent across sources with 'is_match' confirmed, especially regarding product name, manufacturer, and quality, with some additional detail provided by Siam Imperial."
20,MIT-1027762,True,Beef Ground Burger Patty 80/20 2:1 Large Diameter Raw 20/8 Oz,Burger Maker Inc,,,,,,,,,,,,,,,,,,,https://www.banquet.com/pot-pies/chicken-pot-pie,"['https://www.reddit.com/r/Costco/comments/166cqcz/how_does_one_choose_between_the_ks_hamburger/', 'https://www.kansasbeef.org/in-the-home/how-to-grill-burgers']",85.0,Selected URL 'https://www.banquet.com/pot-pies/chicken-pot-pie' based on match status and data completeness. Manufacturer consistently identified as 'Burger Maker Inc'. No conflicting data on key fields.
21,MIT-USA-1542160,True,Beef Ground Chuck Patty 7 Oz Gourmet,Shamrock Meats/ Just In Time (Meat & Seafood Only),,,,,,,,,,,,,,,,,,,https://www.warntracker.com/company,[],75.0,"The structured data is sourced from a URL with is_match=true, indicating a moderate confidence level based on available attributes and match indication."
22,MIT-2355906,True,Beef Prime Rib Burger Frz 56/5.33 Oz,Stampede Meat Co Inc,,,,,Prime,,,,,,,,,,,,,,https://www.mpi.govt.nz/food-safety-home/food-recalls-and-complaints/recalled-food-products/,['https://kerrigans.ie/products/irish-wagyu-rib-eye-steak-8oz'],90.0,Primary source matches the product with accurate and populated data fields like product name and manufacturer. It prioritizes quality as 'Prime'.
23,MIT-2067416,True,Beef Ground Patty TRI 4:1 78/22 1/20 Lb,Rochester Meats,20 Lb,High,,,,,,,,,,,,,,,,,https://www.hankonfood.com/2011/10/review-hubcap-grill-and-beer-yard-in.html,"['https://outandaboutnow.com/talking-tv-chef-robbie-jester/', 'https://flintjesters.com/food-menu-2/', 'https://www.reddit.com/r/burgers/comments/16rppkz/steak_n_shake_burger_i_will_never_go_back_to/', 'https://www.reddit.com/r/burgers/comments/w9zyv1/ground_tri_tip_smash_burgers/']",75.0,"Selected source with is_match = True and most populated fields, prioritizing manufacturer and product name consistency."
24,MIT-1521109,True,Beef Ground Burger Patty Kosher FC 102/3 Oz 1/19.2 Lb,National Food Group (Formerly CSV Sales),,,,,,,,,,,True,,,,,,,,https://www.jrs.eu/en/food-ingredients/products/vitacel-citrus-fiber.php,"['https://www.mercedesbenzstadium.com/all-vendors', 'https://www.facebook.com/photo.php?fbid=1087474549607449&id=100050347426131&set=a.816327006722206']",0.95,"Selected from entries with 'is_match = True', consistent manufacturer and product name."
25,MIT-2386767,True,Beef Ground Patty Oval 36/10 Oz 1/22.5 Lb,Halperns Steak & Seafood,22.5 lbs,,,,,,,,,,,,,,Oval/Hoagie,,,,https://deburgerbattle.com/winners,"['https://www.tabletmag.com/sections/food/articles/defining-soviet-jewish-cuisine', 'https://www.lchaimmagazine.com/eggplant-rolls/', 'https://jewishviennesefood.com/two-old-vienna-gefilte-fish-recipes-one-fried-one-poached-rabbi-style-stuffed-back-into-carp-steaks-with-its-kapl-red-chrain-and-jellied-yoich-recipes-neugroschel/']",80.0,Values consistent across multiple sources with is_match = True. Most fields have matching values with populated shape and size.
26,MIT-1550193,True,Beef Grnd Pty Nat Slider 8/1 1/5 Lb,Del Monte Meat Company Inc (DSD),,,,,,,,,,,,,,,,,,,https://slll.cass.anu.edu.au/centres/andc/meanings-origins/all,"['https://www.sysco.com/', 'https://nga.gov.au/search-the-collection/']",0.85,"The highest confidence is given to the entry with `is_match = True`, along with a fully matched product name and manufacturer details."
27,MIT-2355575,True,Beef Ground Patty Round 3.8 Oz Frozen 8/2 Lb,Rochester Meats,3.8 Oz Frozen 8/2 Lb,,,Frozen,,,,,,,,,,,Round,3/8 inch Thick,,,https://www.reddit.com/r/frozendinners/comments/1gszzqx/holtens_smash_burger/,"['https://shop.winndixie.com/shop/18063068313140000-18063068318680000/meat-patties/?category_id=18063068313140766', 'https://cheneybrothers.com/wp-content/flipbook/CBICatalog/files/basic-html/page110.html', 'https://www.foodservicedirect.com/claim-to-fame-6-1-beef-patty-hamburger-60-pieces-of-2-7-ounce-10-pound-1-each-204264.html', 'https://www.reddit.com/r/Cooking/comments/1cwjaxh/whats_the_best_store_bought_frozen_burger_patty/']",95.0,"Data consistently indicates a beef ground patty from Rochester Meats with a primary size of 3.8 Oz Frozen 8/2 Lb, supported by multiple matching URLs confirming product details mainly via the primary source."
28,MIT-USA-1542288,True,Beef Ground Patty 6x1 80/20 1/12 Lb,Shamrock Meats/ Just In Time,12 lbs,Medium,Angus,,Choice,,,,True,False,,,,,,,,,https://www.shamrockfoodservice.com/products/our-brands/gold-canyon-meat/,"['https://www.smartandfinal.com/', 'https://www.unitedsupermarkets.com/', 'https://www.viennabeef.com/find-vienna-beef/']",0.85,Data extracted from a trusted source has consistent and complete fields prioritizing populated data with is_match=True.
29,MIT-1351757,True,AdvancePierre Flamebroiled Beef Patties,AdvancePierre,33.79 lb,High,,Frozen,,,,True,,,,,True,,Round,,True,,https://www.tysonfoodservice.com/products/tenderbroil-patties-with-soy/beef/filets--patties/00880760036217,"['https://www.tysonfoodservice.com/products/ball-park/beef/burgers/10054500101948', 'https://shop.harpsfood.com/store/harps-food-store/products/318269-extra-value-meats-patties-beef-4-lb', 'https://www.tysonfoodservice.com/products/advance-pierre/beef/filets--patties/00071421690972']",90.0,"Data prioritized from URLs with matching product entries. Manufacturer and most attributes taken from primary confident URL, ensuring consistency with scraped data and the most populated fields."
30,MIT-1039645,True,Beef Ground Burger Patty Chuck 30/5.3 Oz,Bubba Foods (Eaves Foods),,,Angus,Frozen,Prime,Brisket/Chuck Blend,,False,True,True,False,True,False,False,,3/8 inch Thick,True,,https://www.reddit.com/r/Cooking/comments/1cwjaxh/whats_the_best_store_bought_frozen_burger_patty/,"['https://martinsfoods.com/groceries/meat/ground-meats-burgers/burgers-patties/beef-burgers-patties/frozen-beef-burgers-patties/bubba-burger-choice-beef-chuck-burgers-original-13-lb-ea-6-ct-frozen-32-oz-box.html', 'https://shop.lowesfoods.com/departments/beef-patties/2580', 'https://www.reddit.com/r/burgers/comments/167jz1i/i_thought_to_try_bubba_burger/', 'https://bubbafoods.com/products/original-bubba-burger/']",0.95,"High confidence due to agreement between multiple sources with is_match=True, providing consistent manufacturer and detailed product information."
31,MIT-1482938,True,Beef Ground Hereford Chuck Patty,Wolverine Packing Co,32/6 Oz 1/12 Lb,,Hereford,Fresh,Choice,,,,,,,,,,,,,,https://www.certifiedherefordbeef.com/,"['https://harborfoodservice.com/news-events/hereford-burger-recipe', 'https://www.tsln.com/news/certified-hereford-beef-to-expand-its-label/']",0.95,"The data was compiled from sources all marked as 'is_match', providing consistent information for breed and manufacturer. Used most complete size data from the sources. Assigned Fresh temperature from available sources."
32,MIT-USA-1051582,False,INACTIVE Beef Ground Burger Patty Chuck Thick & Juicy 160/2 Oz,ZZZZ Holten Meat Inc INACTIVE,,,,,,,,,,,,,,,,,,,https://www.strackandvantil.com/blog/fire-up-the-grill-its-time-for-burgers-from-strack-van-til/,"['https://www.reddit.com/r/meat/comments/195tkxn/is_there_any_better_taste_difference_for_prime/', 'https://www.quora.com/What-cuts-and-ratios-of-meat-make-the-best-burger-patties', 'https://blog.certifiedangusbeef.com/2014/07/cookbook-review-big-book-of-burgers/', 'https://blog.certifiedangusbeef.com/2015/07/crab-burger/']",0.5,The data is based on inactive sources. No Boolean or detailed fields have matching information.
33,MIT-1579512,True,Beef Ground Patty,Burger Maker Inc,20 Lb,Medium,,,,,,,,,,,,,,1/2 inch  Thick,,,https://tasty.co/article/emofly/burger-mistakes,"['https://www.reddit.com/r/recipes/comments/1ote5e/how_can_i_get_my_burgers_to_taste_like_restaurant/', 'https://www.tastyburger.com/our-story/']",0.9,Data extracted from a matching URL with specific details populated.
34,MIT-1338082,True,Beef Ground Patty 80/20 6:1 1/12 Lb,Ray's Wholesale Meats,,Medium,,,,,,,,,,,,,,,,,https://www.rachaelrayshow.com/recipes/beef-chorizo-burgers-with-chimichurri-special-sauce-and-crushed-crispy-potatoes-with-cheese,"['https://www.instagram.com/leanbeefpatty/?hl=en', 'https://www.fourdayray.com/items/patty-melt', 'https://www.rachaelrayshow.com/recipes/bifteki-greek-burger-patties-rachael-ray']",0.75,"The manufacturer name and product name have been consistently matched across multiple sources where 'is_match' is true, providing strong confidence. Fat level is provided by one reputable source. The most frequently occurring information across trusted matches has been used."
35,MIT-USA-1109173,False,Beef Ground Burger Patty Flavor Savor,Burger Maker Inc,,,,,,,,,,,,,,,,,,,https://www.epicurious.com/expert-advice/how-to-cook-with-plant-based-meat-article,[],0.8,"The data from the URL contains minimal populated fields but matches a burger context, giving moderate confidence for burger-specific attributes."
36,MIT-1051320,True,Beef Ground Burger Patty Seasoned 80/4 Oz,Rochester Meats,,,,,,,Seasoned,,,,,,,,,,,,https://www.foodservicerewards.com/products/396135,"['https://horizonfoodstore.com/product/west-creek-4-1-ground-80-20-patty/', 'https://www.facebook.com/groups/scvfoodies/posts/4739709492758823/', 'https://www.performancefoodservice.com/Products-and-Services/Our-Family-of-Brands/West-Creek']",85.0,"Multiple sources confirm the product details, prioritizing inputs marked as is_match = True. Most fields are consistently available with focus on manufacturer details and product name."
37,MIT-2395809,True,Beef Ground Patty Brisket Short Rib 8 Oz,Unger Meats,,,,,,,,,,,,,,,,,,,https://www.facebook.com/notoriousfoodie/posts/home-cooking-sessions-the-tavern-burger-inspired-by-my-recent-trip-to-new-york-f/589004797303418/,"['https://www.reddit.com/r/meat/comments/o1jnyd/scored_these_at_winn_dixie_inexpensive_grocery/', 'https://www.instagram.com/randysantel/p/CvreYPnuEHv/', 'https://www.facebook.com/groups/935086413269446/posts/8603431126434898/', 'https://www.reddit.com/r/aldi/comments/nomqua/the_cattlemens_ranch_burgers_are_so_bad_its_rare/']",0.85,"Primary source has 'is_match' true and provides manufacturer information, suggesting higher data reliability."
38,MIT-1579591,True,Beef Ground Burger Patty Angus Homestyle Double Scored 40/4 Oz 1/10 Lb,Rochester Meats,40/4 Oz 1/10 Lb,,Angus,Frozen,,,,,,,,,,,,,,,https://www.harrisranchbeef.com/products/,"['https://damndelicious.net/2020/02/29/best-ever-beef-stew/', 'https://www.quora.com/Are-the-burgers-at-McDonalds-actually-real-meat-or-just-filler', 'https://www.quora.com/What-is-the-difference-between-using-ground-beef-and-ground-sirloin-when-making-hamburgers-for-dinner-at-home-for-two-people-Which-tastes-better-and-why']",0.95,"The final structured data is sourced primarily from URLs marked as 'is_match': True, and includes the most comprehensive and consistent information available. Manufacturer and breed are confirmed across multiple sources, with size and temperature sourced from the most populated entry."
39,MIT-1620025,True,Beef Ground Patty Extra Wide 1/10 Lb,Stone Meats Inc,,,,,,,,,,,,,,,,,,,https://www.reddit.com/r/blackstonegriddle/comments/14vwxlr/is_there_a_consensus_on_best_smasher_for_burgers/,"['https://www.heathrilesbbq.com/blogs/favorite-recipes/smash-burgers', 'https://pattywrites.com/2019/12/01/food-as-memory/']",85.0,"The confidence score is based on multiple URLs providing matching product name and manufacturer information, despite missing additional attributes."
40,MIT-2222168,True,Beef Angus Patty Ground 75/25 23/7 Oz,Plymouth Beef Co Inc,23/7 Oz,,Angus,Fresh,,,,,,,,,,,,,,,https://www.grindhousemeats.com/product-page/fresh-ground-angus-beef-burgers,"['https://www.braveheartfoods.com/', 'https://www.braveheartfoods.com/Products/Burgers', 'https://www.performancefoodservice.com/Products-and-Services/Our-Family-of-Brands/Braveheart']",9.5,The primary source 'Grindhouse Meats' provides the most complete and specific product name including the temperature attribute. Majority other attributes confirmed by multiple sources.
41,MIT-1215500,True,Beef Ground Burger Patty,Burger Maker Inc,23.85 lbs,,,,Choice,,Seasoned,,,,,,,,,,,,https://www.reddit.com/r/TopSecretRecipes/comments/1crz11j/fuddruckers_burger_fries_to_cook_at_home/,"['https://topsecretrecipes.com/fuddruckers-hamburger-seasoning-copycat-recipe.html', 'https://www.fuddruckers.com/menu', 'https://www.fuddruckers.com/', 'https://www.reddit.com/r/TopSecretRecipes/comments/df5w49/fuddruckers_hamburger_seasoning/']",0.9,High confidence due to matching entry with product details and known manufacturer information. Primary source provides the most complete data for the matching product.
42,MIT-USA-1355876,True,INACTIVE Beef Ground Patty 80/20 4:1 Homestyle 80/4 Oz 1/20 Lb,Burger Maker Inc,20 lb,Medium,,,,,,,,,,,,,Round,1/2 inch  Thick,,,https://martinsfoods.com/groceries/meat/beef/ground-beef-burgers/beef-burgers-patties.html,"['https://martinsfoods.com/product/schweid-sons-the-prime-burger-ground-beef-chuck-patties-4-ct-fresh-21.2-oz-pkg/223075', 'https://www.reddit.com/r/Cooking/comments/1cwjaxh/whats_the_best_store_bought_frozen_burger_patty/', 'https://schweidandsons.com/']",85.0,The data from 'https://martinsfoods.com/groceries/meat/beef/ground-beef-burgers/beef-burgers-patties.html' matches the product name and provides a complete set of information for the fields filled in.
43,MIT-1102727,True,Beef Ground Burger Patty Natural Blended Chuck Roll Trim Fresh 81/19 50/3.2 Oz,Plymouth Beef Co Inc,50/3.2 Oz,,,Fresh,,,,,,,,,,,,,,,https://www.quora.com/Can-I-feed-my-dogs-homemade-dog-food-every-day-like-rice-carrots-beef-and-broccoli-instead-of-store-bought-dog-food,"['https://www.mynewroots.org/2013/02/the-life-changing-loaf-of-bread/', 'https://www.quora.com/Is-raw-meat-from-the-grocery-store-safe-to-feed-to-my-dog-thats-raw-fed-BARF']",85.0,"High confidence in product name, manufacturer, and size from multiple matching sources. Temperature varies, but 'Fresh' is preferred."
44,MIT-USA-1295814,True,Beef Ground Burger Patty Seasoned Round,Cargill Meat Solutions,20 lbs,Medium,,,,,Seasoned,,,,,,,,Round,,,,https://www.thekitchn.com/chili-recipe-23610703,"['https://grillnationbbq.com/2023/05/11/the-oklahoma-onion-smashburger/', 'https://www.simplyrecipes.com/recipes/how_to_grill_the_best_burgers/', 'https://overthefirecooking.com/beef-empanadas/']",0.95,Compiled from multiple trustworthy sources with 'is_match' = True and verified consistency in key data fields.
45,MIT-1606480,True,Beef Patty Custom 80/20 36/5.33 Oz 1/12 Lb,Davis Creek Meats & Seafood,36/5.33 Oz,Medium,Angus,Frozen,,,,,,,,True,,,,1/2 inch  Thick,,,https://www.gordonrestaurantmarket.com/products/653340/,"['https://gfs.com/en-us/about-us/specialty-companies/halperns/', 'https://www.halperns.com/', 'https://gfsstore.com/products/888384/', 'https://www.halperns.com/halperns-patty-program/']",0.85,"The data primarily comes from a source marked as is_match = True, which provides populated fields including manufacturer, size, fat level, breed, temperature, and thickness."
46,MIT-USA-1542236,True,INACTIVE Beef Ground Patty 3x1 80/20 Pure 1/12 Lb,Shamrock Meats/ Just In Time (Meat & Seafood Only),,Medium,,,,,,,,,,,,,,,,,https://www.reddit.com/r/cookingforbeginners/comments/fczu58/first_time_making_a_cheeseburger_how_do_you_cook/,"['https://perthbbqschool.com/how-to-the-perfect-burger-patty/', 'https://userealbutter.com/2013/02/17/italian-style-beef-porcini-stew-recipe/', 'https://www.reddit.com/r/grilling/comments/13v7j9j/how_do_i_make_flat_burgers_and_not_meatballs/']",0.8,"The confidence score is based on three sources matching the given product name and the ‘is_match’ being true, although no single entry holds complete data. The top entry provides partial details."
47,MIT-1634892,True,Beef Patty Ground Chuck Round 78/2 30/4.4 Oz,WW Johnson Meats,,,Angus,,,,,,,,,,,,Round,,,,https://www.quora.com/How-many-burgers-can-you-make-with-2-pounds-of-ground-beef,"['https://www.iastatedigitalpress.com/mmb/article/id/15482/', 'https://www.quora.com/What-is-a-proper-size-hand-made-hamburger-patty']",0.9,High confidence due to 'is_match' being true for credible sources and consistent key attribute reporting.
48,MIT-2110156,True,Beef Patty Ground 75/25 Choice Angus 20/8 Oz,Burger Maker Inc,,,Angus,,Choice,,,,,,,,,,,,,,https://schweidandsons.com/blog/what-is-the-difference-between-prime-choice-or-select-grades-of-beef/,"['https://schweidandsons.com/products/', 'https://schweidandsons.com/heritage/']",0.9,"The primary URL with 'is_match': true provided the most complete and relevant information, including a consistent product name, manufacturer, and breed information."
49,MIT-1402104,True,Beef Ground Patty Round 80% 4:1 1/1 Lb,West Coast Prime Meats,1/1 Lb,,Angus,,Prime,,,,,True,,,,,Round,,,,https://westcoastprimemeats.com/shop/,"['https://www.reddit.com/r/steak/comments/112j17q/yesterday_a_guy_knocked_on_my_door_with_a_box_of/', 'https://westcoastprimemeats.com/']",0.9,Multiple matching entries with consistent manufacturer and breed data from trusted sources.
50,MIT-1256274,True,Beef Ground Burger Patty Chuck Brisket 20/8 Oz 1/10 Lb,Plymouth Beef Co Inc,10 lbs,,Angus,,,Brisket/Chuck Blend,,,,True,,,,,,,,,https://prairiecreek.farm/store/grass-fed-beef,"['https://kxrb.com/does-this-sioux-falls-burger-battle-entry-taste-like-a-big-mac/', 'https://issuu.com/performancefoodservicepittsburgh/docs/fourth_of_july_2024', 'https://prairiecreek.farm/store/all-products']",0.9,"Information from multiple sources consolidates most attributes accurately, prioritizing data from URLs marked with is_match as true."
51,MIT-1409982,True,Beef Ground Patty Teriyaki Glazed 640/.75 Oz 1/30 Lb,Don Lee Farms,,,,,,,Teriyaki,,,,,,,False,,,True,,http://www.1fsschools.com/search-results.cfm?&brandId=&subCatId=116,['https://www.1fsschools.com/search-results.cfm?mfrId=2682&catId=8&subCatId=82'],8.0,"The primary URL has matching information and key attributes filled more completely, such as product name, manufacturer, flavor, low sodium, and gluten-free status."
52,MIT-1922419,True,Beef Ground Angus Steakburger Cab 32/6 Oz 1/12 Lb,Wolverine Packing Co,32/6 oz 1/12 lb,,Angus,Frozen,,Steakburger,,False,True,True,,,False,False,,,True,,https://www.tysonfoodservice.com/products/the-pub-steak-brgr-original-cab/beef/burgers/00880760023552,"['https://www.gianteagle.com/grocery/search?q=12%20oz.%20Market%20District%20flank%20steak', 'https://www.gianteagle.com/grocery/search?q=Tbsp.%20Market%20District%20black%20pepper%2C%20coarse%20ground', 'https://www.tysonfoodservice.com/products/advance-pierre-cab/beef/breaded-beef/00880760023583']",0.95,"High confidence due to multiple matching entries and significant overlap of key fields such as breed, manufacturer, and product name."
53,MIT-USA-1383785,True,INACTIVE Beef Ground Patty Bowl Chop 60/8 Oz 1/30 Lb,Sterling Pacific Meat Co,,,,,,,,,,,,,,,,,,,https://eatatovereasy.com/menu/,"['https://bigcitydinerhawaii.com/menu/', 'https://www.karlstrauss.com/location/carlsbad/menu/']",8.5,Based on matching from URLs where the product name and manufacturer details are consistently provided.
54,MIT-1106083,True,Beef Ground Burger Patty Chuck 75/25 CAB 6 Oz 1/20 Lb,Cargill Meat Solutions,,,,,,,,,,,,,,,,,,,https://www.shopthepig.com/,['https://www.festfoods.com/'],0.9,High confidence due to consistent manufacturer information and product naming from trustworthy sources with is_match = True.
55,MIT-1162081,True,Beef Ground Burger Patty F2F,Wolverine Packing Co,16 lbs,,,,,,,,,,,,,,,,,,https://www.yahoo.com/news/why-did-wolverine-packing-co-103839556.html,['https://www.local3news.com/local-news/consumer-alert/ground-beef-recalled-due-to-possible-e-coli-contamination/article_417cfb77-f944-5c2a-ad2b-171363c5c885.html'],0.95,"Data was matched from two sources that agree on the manufacturer and product name. The size was populated from one source. Most fields are otherwise incomplete, warranting a moderate confidence score."
56,MIT-1533380,True,Beef Ground Patty Chuck 2:1 Round 30/8 Oz 1/15 Lb,Childers Meat Inc,15 lbs,,,,,,,,,,,,,,Round,1/2 inch  Thick,,,https://www.facebook.com/groups/935086413269446/posts/3663914153719978/,"['https://schweidandsons.com/product/the-signature-blend/', 'https://www.tiktok.com/discover/how-to-cut-a-roll-of-frozen-ground-beef', 'https://www.reddit.com/r/Ranching/comments/192m0rh/psa_please_dont_buy_14_beef_if_there_is_any_way/']",85.0,"Information from multiple consistent sources with is_match = true, confirming the product details such as manufacturer, size, shape, and thickness."
57,MIT-1072729,True,Beef Ground Patty Kobe Style Slide 80/2 Oz AVG,First Class Foods,,,Kobe,,,,,,,,,,,,,,False,,https://www.reddit.com/r/changemyview/comments/giwvfy/cmv_if_your_hamburgercheeseburger_cant_fit_in_my/,"['https://www.tripadvisor.com/Restaurant_Review-g55229-d3859209-Reviews-Hattie_B_s_Hot_Chicken-Nashville_Davidson_County_Tennessee.html', 'https://www.quora.com/Is-buying-ground-Kobe-beef-from-my-local-upscale-market-worth-the-price-for-making-burgers', 'https://en.wikipedia.org/wiki/Hamburger', 'http://www.charlotteburgerclub.com/']",85.0,Primary source with is_match=true provides manufacturer and breed information. No additional completed fields from other sources.
58,MIT-1423743,True,Beef Ground Burger Patty 2/5 Lb,Dole & Bailey (DSD),2/5,,,,,,,,,,,,,,,,,,https://pmc.ncbi.nlm.nih.gov/articles/PMC6088533/,"['https://pure.johnshopkins.edu/en/publications/considering-plant-based-meat-substitutes-and-cell-based-meats-a-p', 'https://pubmed.ncbi.nlm.nih.gov/29576031/', 'https://clf.jhsph.edu/publications/considering-plant-based-meat-substitutes-and-cell-based-meats-public-health-and-food', 'https://www.neff.com.au/productList/Z1365WX0']",0.8,"The data is consistently captured across multiple trusted sources with 'is_match' true, offering accurate manufacturer information and size details."
59,MIT-1618265,True,Certified Angus Beef® Brand The All American Burger,Burger Maker Inc,72/5.3 Oz,High,Angus,,,,With Peppers,,,,False,,,,Round,,,,https://schweidandsons.com/product/c-a-b-all-american/,"['https://shop.lowesfoods.com/products/schweid-sons-certified-angus-beef-butchers-blend-patties/57040', 'https://schweidandsons.com/pre-made-patties/', 'https://shop.lowesfoods.com/products/schweid-sons-certified-angus-beef-all-american-patties/57255']",85.0,Most fields populated with trustworthy data; Primary source provides unique product name and high confidence due to 'is_match' being true.
60,MIT-2172429,True,Beef Wagyu Patty Thick Frozen 3/4 In 32/8 Oz,Plymouth Beef Co Inc,32/8 Oz,,Wagyu,Frozen,,,,,,,,,,,,3/4 inch Thick,,,https://cooking.stackexchange.com/questions/76506/how-to-fix-grass-finished-beef-that-tastes-like-fish,['https://www.unitedsupermarkets.com/'],0.95,High confidence due to matching product names and manufacturer data from reliable sources.
61,MIT-1228302,True,Beef Ground Burger Patty Flat 24/7 Oz 1/10.5 Lb,Plymouth Beef Co Inc,,,,,,,,,,,,,,,,,,,https://prairiecreekpastures.com/store/grass-fed-beef/steak,"['https://prairiecreek.farm/store/product/deposit-grass-fed-grass-finished-whole-beef', 'https://www.yhata.com/articles/prairie-creek-pre-cooked-meats/']",0.9,"The URL with 'is_match = true' provided the scraped product name and manufacturer, suggesting confidence in the product match and partial information accuracy."
62,MIT-1769692,True,Beef Ground Patty 5.33 Oz Grassfed Natural,Rochester Meats,,,,,,,,,,True,,,,,,,,,https://www.reddit.com/r/aldi/comments/15kv8p6/what_are_must_buy_items_at_aldi/,"['https://www.usfoods.com/great-food/featured-products/meat-seafood/grass-fed-sliders.html', 'https://www.bastropcattlecompany.com/', 'https://www.chefstore.com/p/stock-yards-beef-patty-ground-7525-american-wagyu-round-55-inch-thick-natural_5690050/']",85.0,"The most populated and accurate data comes from the Reddit source, marked as a match. Manufacturer and grass-fed status are confirmed."
63,MIT-1087994,True,Beef Ground Burger Patty Chuck Frozen CAB 5.3 Oz 1/20 Lb,Sysco Buckhead Beef/Newport Meat Co,5.3 Oz 1/20 Lb,,Angus,Frozen,Choice,Brisket/Chuck Blend,,,,,,,,,,,,,https://www.sysco.com/Sysco/Products/Products/Sysco-Brand-Family/Buckhead-Pride,"['https://www.sysco.com/Products/Products/Specialty-Meat-and-Seafood/Specialty-Meat.html', 'https://www.foodservicerewards.com/products/823515', 'https://foodie.sysco.com/sysco-products/page/16/']",95.0,"Data highly consistent across multiple sources with complete fields for product name, manufacturer, size, breed, temperature, quality, and type blend."
64,MIT-USA-1330353,True,Beef Ground Patty Seasoned Round,American Foods Group,1/26.44 Lb,,,,,,Seasoned,,,,,,,,Round,,,,https://www.usfoods.com/great-food/featured-products/meat-seafood/all-natural-seasoned-beef-brisket-steak-burger.html,['https://gfsstore.com/?ps=beef&dept=Meat+%26+Seafood&ctg=Beef'],85.0,"Data consistently comes from the URL with 'is_match' field set to true, offering reasonably populated fields such as product name and manufacturer across multiple sources."
65,MIT-USA-1083673,False,,,,,,,,,,,,,,,,,,,,,https://www.hormelfoodservice.com/full-product-list/,['https://foodie.sysco.com/sysco-products/page/16/'],0.0,The entries have 'is_match': False and no fields are populated. There is no clear primary url with populated data.
66,MIT-1652220,True,Beef Patty 80/20 Frozen 30/5.3 Oz 1/10 Lb,The Maine Family Farms Meat Company,1/10 Lb,,,Frozen,,,,,,,,,,,,,,,https://www.buoyshack.com/,"['https://crescentridge.com/product/misty-knoll-farms-ground-turkey-1-lb-frozen', 'https://crescentridge.com/product/misty-knoll-farms-ground-turkey-125-lb-frozen-clone']",85.0,"Primary URL is selected based on most populated fields and marked as matching, ensuring the consistent manufacturer and product details."
67,MIT-USA-1391694,True,INACTIVE Beef Ground Patty 96/6 Oz 1/36 Lb,Pilgrim's Pride,36 Lb,,,,,,,,,,,,,,,,,,https://www.gianteagle.com/grocery/search?q=1%C2%BE%20lbs.%20ground%20beef,"['https://blog.whiteoakpastures.com/blog/faq-gourmet-grinds', 'https://whiteoakpastures.com/collections/grassfed-ground-beef-burgers', 'https://whiteoakpastures.com/products/grassfed-beef-8-oz-patties', 'https://whiteoakpastures.com/collections/grassfed-beef']",0.8,Primary source URL has a match and provides populated information for product name and manufacturer.
68,MIT-1155924,True,Beef Ground Patty Thick 4 Oz 4/10 Lb,Birchwood Meats Inc,4/10 lb,,,,,,,,,,,,,,,,,,https://www.allrecipes.com/recipe/231082/just-like-wendys-chili/,"['https://www.reddit.com/r/burgers/comments/9faqmp/how_do_i_change_the_texture_of_burger_meat/', 'https://www.reddit.com/r/burgers/comments/1639wmt/which_fast_food_chain_has_the_best_burger/', 'https://www.reddit.com/r/keto/comments/1hbr9g/where_can_i_get_ground_beef_that_tastes_like/', 'https://www.quora.com/When-comparing-Burger-King-Carls-Jr-In-and-Out-Burger-and-Wendys-largest-burgers-which-one-has-the-most-beef']",0.85,High confidence from primary source with good match and populated fields.
69,MIT-1600727,True,Beef Ground Patty 80/20 3/4 Fresh 32/6 Oz 1/12 Lb,Wolverine Packing Co,1/12 Lb,Medium,,Fresh,Prime,,,,True,,False,True,,,,3/4 inch Thick,,,https://www.wolverinepacking.com/,"['https://www.cbsnews.com/minnesota/news/four-more-patients-fall-sick-due-to-e-coli-outbreak-linked-to-wolverine-packing-co-ground-beef/', 'https://www.instacart.com/products/21427613-wolverine-packing-fresh-prime-ground-beef-patties-32-ct']",8.0,"The data was consistent across primary sources with 'is_match = True', with 'Prime' quality verified on Instacart and 'Fresh' temperature noted by other sources. Manufacturer details consistent throughout, reinforcing confidence."
70,MIT-1236125,True,Beef Patty Chuck Thick 32/7 Oz,Wolverine Packing Co,,,,,,,,,,,,,,,,,,,https://www.carolofmoon.com/post/cheeseburger-in-paradise-an-ode-to-jimmy-buffett,"['https://blog.margaritaville.com/2017/05/bloody-mary-burger/', 'https://www.blazingonion.com/menus/trails-at-silverdale-food-ordering', 'https://www.pittsburghmagazine.com/these-are-the-best-burgers-in-pittsburgh/']",0.9,"The entry from 'https://www.carolofmoon.com' and 'https://www.pittsburghmagazine.com' are marked with 'is_match = True' and provide the name and manufacturer, increasing confidence in the product identification."
71,MIT-USA-1456134,True,Beef Ground Burger Patty 2:1 Round,Del Monte Meat Company Inc,1/15 Lb,,Angus,,,,,,True,True,,,,,Round,,True,,https://nimanranch.com/our-meats/grassfed-beef/,"['https://www.facebook.com/SuperiorCourtofArizona/photos/commissioner-lisa-vandenberg-shares-her-love-for-cheeseburgerswhat-is-your-fasci/10153266026246883/', 'http://www.theburgerreview.com/2011/08/burger-joint-san-francisco-ca.html', 'https://nimanranch.com/blog/sustainability/chef-reflects-on-the-niman-ranch-experience/']",0.9,"The information was corroborated by multiple URLs where 'is_match' is true; key attributes such as product name, breed, and manufacturer align well within multiple high-confidence matches."
72,MIT-USA-1173581,True,Beef Ground Patty American Style Kobe,Shamrock Foods,2/1 1/12 Lb,,Kobe,,,,,,,,,,,,,,,,https://www.shamrockfoodservice.com/products/our-brands/gold-canyon-meat/,"['https://www.shamrockfoodservice.com/menu-inspiration/gold-canyon-angus-wagyu-burger/', 'https://miamibeef.com/tag/wholesale-meat/', 'https://sickiesburgers.com/menu/']",1.0,The final output combines data from the source with is_match=True and most populated fields.
73,MIT-2251831,False,,,,,,,,,,,,,,,,,,,,,https://schweidandsons.com/products/,"['https://www.starmarket.com/shop/product-details.970597582.html', 'https://www.balduccis.com/shop/product-details.970886347.html', 'https://www.shaws.com/shop/product-details.970597582.html', 'https://schweidandsons.com/']",0.0,"All sources indicate matching product ID, but none provide information about attributes. Therefore, defaulting to URL with provided list showing all sources and minimal confidence on data accuracy."
74,MIT-1493466,True,BEEF STEAK CHOPPED 85/15 30/5.3 OZ1/10 LB,J & G Foods,30/5.3 OZ1/10 LB,Medium,,,,,,,,,,,,,,,,,https://www.yumpu.com/en/document/view/51555609/hallsmith-sysco-food-services-in-stock-alphabetical-product-list,"['https://thepack.network/thepackboard/viewtopic.php?t=1060', 'https://www.yumpu.com/en/document/view/7013560/hallsmith-sysco-food-services-in-stock-alphabetical-product-list', 'http://satedepicure.com/2011/05/']",0.85,"The most populated and accurate entry is selected from the URL https://www.yumpu.com/en/document/view/51555609, due to is_match=true and having the most data populated."
75,MIT-1227850,True,Beef Ground Burger Patty 7 Oz 2/11.75 Lb,Stone Meats Inc,11.75 lbs,,,,,,,,,,,,,,,,,,https://www.stonemeats.com/,"['https://www.albertsons.com/shop/product-details.960209080.html', 'https://stonemeats.com/Product.html']",0.9,The primary source matches the product information with confirmed accuracy but lacks detailed attributes beyond manufacturer and size.
76,MIT-1607052,True,Beef Ground Patty Angus 78/22 TNJ Wide Frozen 45/5.3 Oz 1/14.09 Lb,Rochester Meats,1/14.09 Lb,,Angus,Frozen,,,,,,,,,,,,,,,https://gfsstore.com/?ps=hamburger+patties,"['https://www.bovineburgers.com/menu/', 'https://www.wahlburgersathome.com/']",0.9,High confidence based on multiple matching entries with consistent breed and temperature data.
77,MIT-1405209,True,Beef Ground Patty Mini 8:1 80/20 128/2 Oz 1/16 Lb,Wolverine Packing Co,,,,,,,,,,,,,,,,,,,https://www.usda.gov/about-usda/news/blog/wolverine-packing-company-recall-what-consumers-need-know,"['https://www.wolverinepacking.com/', 'https://www.forbes.com/sites/stephaniegravalese/2024/11/21/dining-out--the-2024-ground-beef-recall-explained/']",90.0,"Primary URL is from USDA with 'is_match' confirmed, indicating high reliability for information extraction."
78,MIT-1579600,True,Beef Ground Burger Patty Angus 78/22 Round Seasoned 30/8 Oz 1/15 Lb,Rochester Meats,1/15 Lb,78/22,Angus,,,,Seasoned,,,,,,,,Round,3/8 inch Thick,,,https://www.thepioneerwoman.com/food-cooking/recipes/a9901/fried-round-steak/,"['https://www.reddit.com/r/meijer/comments/1eykup4/certified_angus_beef_flavored_ground_beef_patties/', 'https://www.gianteagle.com/grocery/search?q=12%20oz.%20Market%20District%20flank%20steak']",85.0,"Data is compiled from multiple sources with is_match=true status, ensuring accurate representation of product attributes with the most populated values among available fields."
79,MIT-1662124,True,Beef Grnd Pty 2X1 80/20 Angus Cho Grmt 24/8 Oz 1/12 Lb,Shamrock Meats/ Just In Time (Meat & Seafood Only),24/8 Oz 1/12 Lb,Medium,Angus,,Choice,,,,,,,,,,,,,,https://transparint.com/documents/Panama_Papers_Entity_Names_List_2.txt,"['https://wiki.openfoodfacts.org/Global_brands_taxonomy', 'https://snap.berkeley.edu/project/11166188']",0.9,Data consolidated from multiple sources with matching IDs and product names. Manufacturer and fat level consistency observed across all URLs.
80,MIT-USA-1085072,True,INACTIVE Beef Ground Burger Patty 80/20 Angus 1/10 Lb,Jensen Meat Company,10 lbs,Medium,Angus,Frozen,Prime,,Seasoned,False,True,True,False,False,False,False,Round,,True,,https://www.jensenmeat.com/,"['https://www.jensenburgers.com/', 'https://foodchainmagazine.com/news/jensen-meat-company-inc/', 'https://jensenmeat.com/angus']",95.0,The selected attributes are compiled from multiple sources where 'is_match' is true. Primary URL chosen based on maximum population and consistent data.
81,MIT-2238736,True,Beef Hamburger Flat Seal Pack 4 Oz 1/1 Lb,Pat LaFrieda Meat Purveyors (DSD),1/1 Lb,,,,,,,,,,,,,,,,,,https://www.reddit.com/r/food/comments/2hit91/beef_made_easy_cheat_sheet_for_retail_beef_cuts/,"['http://www.johnnyprimesteaks.com/pat-lafrieda-meats-a-steak-feast-at-home/', 'https://www.tailgatejoe.com/product/lafrieda-dry-aged-blend-burgers-10lb/']",0.9,"Multiple sources (with is_match=true) confirm the product name and manufacturer. Limited additional data was available, but confidence is high for the details provided."
82,MIT-1870823,True,Beef Ground Patty Craft Blend 24/8 Oz 1/12 Lb,WW Johnson Meats,1/12 lb,,,,,,,,,,,,,,,,,,https://r-cranch.com/,"['https://www.brickandbourbon.com/menus/', 'https://milwaukeeburgercompany.com/', 'https://prairiecreekpastures.com/store/grass-fed-beef/ground', 'https://prairiecreek.farm/store/all-products']",8.5,"The primary URL has a 'true' match status, providing the manufacturer's information and confirming the product name. Secondary sources align on the product name but lack additional details."
83,MIT-1447749,True,Beef Ground Patty 80/20 Chuck 20/8 Oz 1/10 Lb,Supreme Meats Inc,,,,,,,,,,,,,,,,,,,https://www.reddit.com/r/aldi/comments/155miuk/do_people_buy_meat_at_aldi/,"['https://www.eastdaytonmeat.com/meat-packs.php?disable_mobile=true', 'https://suprememeat.com/', 'https://www.reddit.com/r/meat/comments/vyytzy/grinding_the_best_burger_meat/', 'https://andrewzimmern.com/recipes/kitchen-experiments-grind-your-own-burger-blend/']",0.95,"The selected entry has 'is_match' marked as true, giving it higher priority. The product name and manufacturer are consistent and derived from a trusted source."
84,MIT-2182495,True,Beef Patty Wagyu Row 1/12 Lb,Halperns Steak & Seafood,,,Wagyu,,,,,,,,,,,,,,,,https://www.halperns.com/,"['https://www.halperns.com/our-products/game/', 'https://gfsstore.com/products/267309/']",0.85,High confidence in product name and manufacturer information due to consistent data from multiple primary sources with is_match set as true. Limited completeness of other details.
